COMMUNE,population,population_density,all_cash_distance_km,atm_distance_km,atm_access_gap_km
Wincrange,4729.197268406135,41.55182489763275,6.841619841912342,8.760794516849142,1.9191746749367997
Boulaide,1440.418380385999,44.45464872717152,4.675542667358539,7.376928819013802,2.701386151655263
Reisdorf,1642.3919485176477,111.19848482784461,6.804833467978267,7.17899917337655,0.37416570539828253
Bech,1354.8643307593297,57.846059138238886,6.793284170843814,6.941242071516836,0.14795790067302228
Mertzig,2298.506373064627,207.15907424594113,3.9860825178306722,6.07987203441662,2.0937895165859475
Clervaux,5734.550150223036,66.98261461130264,2.584719251143732,5.905841932222138,3.3211226810784065
Steinfort,5572.678491643931,457.79100605424946,1.0003600604061587,5.753317280538795,4.752957220132636
Kiischpelt,1231.755736544885,36.489319018793964,5.117257720423689,5.410640685731995,0.29338296530830554
Habscht,4945.0895311006125,151.80074979836712,1.7477214110659212,5.339108907439242,3.591387496373321
Préizerdaul,1770.6200921322156,112.55530328433612,5.259910212442084,5.321064251233209,0.06115403879112513
Putscheid,1203.108136399933,44.531265210061505,3.5636056878397055,5.267957987563148,1.7043522997234422
Bettendorf,3425.2292182720025,147.32241995191646,3.2192148849445923,5.141637210687919,1.9224223257433266
Groussbus-Wal,2142.6506076842243,53.004035690390886,5.0716294984865415,5.1397302270003635,0.06810072851382198
Rosport-Mompach,3613.591766348118,63.776983999494895,4.7916913875485925,5.062129549396787,0.2704381618481948
Bourscheid,1611.0808487345103,43.72482886994975,4.7282346625132305,5.027541911181743,0.2993072486685122
Dippach,4424.2257081403795,256.26973539290975,4.4543547066355025,5.020076207478581,0.5657215008430789
Garnich,2181.969440270738,104.25721205168352,4.346253198143538,4.955620343014294,0.609367144870756
Vichten,1380.3473633756523,111.03242728306384,4.735850824454853,4.848510032718372,0.11265920826351916
Lac de la Haute-Sûre,2211.8072455033157,45.436370707888926,2.488063149329813,4.760773495909719,2.272710346579906
Troisvierges,3422.914281391139,89.77097831958865,4.340196260069724,4.760511741856808,0.42031548178708444
Consdorf,2183.181726777252,84.120318633686,4.7381151671690835,4.756234018520898,0.018118851351814236
Useldange,2052.8619418660746,85.52318418530476,4.724945221943165,4.755488029716245,0.03054280777308005
Wormeldange,2860.3292228194473,171.15520011578946,1.2805594176500914,4.664002104532338,3.3834426868822467
Manternach,2205.6958430668983,79.19408613252678,4.569231839836058,4.5706183265448495,0.001386486708791601
Nommern,1422.393395976798,62.67393403773655,4.540098249810497,4.540515337519422,0.0004170877089251235
Fischbach,1213.1341195365771,62.11366009471451,4.114144382097442,4.540322142139374,0.42617776004193164
Beaufort,2570.182121226505,186.76072677095087,4.259585154921982,4.503934141406819,0.2443489864848365
Feulen,2337.3969974704282,102.40651177104724,0.8265341021437287,4.303872740979748,3.4773386388360192
Waldbillig,1733.402202861373,74.6442833306276,4.20115849366361,4.275395427974185,0.07423693431057465
Betzdorf,4126.082917654276,157.5283155927294,1.3655862948101143,4.140927324524848,2.775341029714734
Dalheim,2489.96314647829,129.94799903599477,4.053461213162851,4.079315384301993,0.02585417113914179
Goesdorf,1637.4565889873486,55.67710960134038,3.8589971906782448,4.045859809156976,0.18686261847873142
Koerich,2898.4838203042973,152.51094840781764,1.0524976966072708,3.800304204960845,2.747806508353574
Ell,1471.9583232249938,67.87470394558626,3.585887151450646,3.585887151450646,0.0
Vallée de l'Ernz,2915.2790225926183,73.06098880972203,3.4631472734459674,3.490663399447751,0.027516126001783547
Flaxweiler,2066.73353561407,68.51096841893784,2.997694982178651,3.466729967048476,0.469034984869825
Beckerich,2731.058430184314,95.59644845884134,3.1702137595641804,3.2930648782401195,0.12285111867593912
Helperknapp,4527.291572917196,120.04604683497523,3.291901769719316,3.2927115535104168,0.0008097837911007488
Heffingen,1513.3833821785795,114.00331736811462,2.6591124888352544,3.246582490871348,0.5874700020360937
Bous-Waldbredimus,2964.56340245127,105.95198951006154,3.066673940070229,3.2344513159030757,0.1677773758328467
Colmar-Berg,2020.872715503973,163.68332386301444,3.2069261080615368,3.2261711008826626,0.019244992821125795
Kehlen,5919.655907722022,207.3538172434885,3.1006461328680306,3.1720511435833343,0.0714050107153037
Biwer,1913.5758402433426,83.03862165523799,3.1570948579056632,3.1570948579056632,0.0
Weiler-la-Tour,2550.3095624445373,148.9321956027394,3.0487025403507797,3.05355238863353,0.004849848282750369
Roeser,6649.394150781831,276.3292289404454,2.6702210278051735,3.0320869316571257,0.3618659038519523
Parc Hosingen,3730.3986718634246,52.88040096700765,1.9484371072379694,2.912780823814794,0.9643437165768245
Reckange-sur-Mess,2933.184135309915,142.7990629689412,2.633417021121605,2.9041568609753305,0.2707398398537255
Pétange,18949.091809134086,1583.3210608243548,0.6804936356712453,2.832851937926258,2.1523583022550126
Stadtbredimus,1723.0508201898622,174.60112116058747,2.5750446678176373,2.7221747091931503,0.147130041375513
Tandel,2378.826528790263,56.9886589900573,2.5277328728389308,2.700261006400307,0.17252813356137642
Rambrouch,4697.688449707845,59.05197429599868,2.6743475051593126,2.682960078557911,0.008612573398598222
Diekirch,6544.472194665215,525.1916823737504,0.6811672623793936,2.3026683298516453,1.6215010674722516
Schieren,2287.298245210004,219.70597811563823,2.06088265771541,2.222186420625275,0.1613037629098648
Kayl,10626.942492861974,715.0561692518545,0.7168848977651917,2.01706246160062,1.3001775638354283
Käerjeng,12626.729338795185,374.6429360716287,1.4045106703001355,2.0019119492665354,0.5974012789663998
Winseler,1467.4299103754402,47.911012240216884,1.9533062062336504,1.9561667390741126,0.002860532840462282
Steinsel,6350.671553685817,290.2032291200139,1.6727877155475748,1.9098937726376441,0.23710605709006938
Junglinster,8286.614141472477,148.7353958685141,1.5246150996970873,1.8695351193468013,0.34492001964971397
Mondercange,8103.190997941996,378.51270626730246,1.1611730534769722,1.8648415526911,0.7036684992141278
Schengen,4983.165370089629,159.70573039260242,1.804479086385562,1.8325963991976864,0.028117312812124373
Redange/Attert,3093.126124990311,95.72909109354332,1.7098309288915379,1.7820379144607155,0.0722069855691776
Esch-sur-Sûre,2859.786353948369,55.590491518053575,1.7152706924289445,1.763070396407538,0.047799703978593566
Frisange,4624.071853578635,251.8722129212145,1.6558468736003142,1.707051526983813,0.051204653383498666
Niederanven,7827.331206812246,188.613274976366,1.033909161578083,1.6582958174804077,0.6243866559023246
Weiswampach,2247.991585604836,63.90725531217761,1.3658124042907542,1.5953243289001084,0.2295119246093542
Lorentzweiler,4455.960560574509,252.2248475347978,0.945517161810603,1.5359269680571621,0.5904098062465591
Contern,3982.5215812198967,191.51607668710125,0.9688591306890242,1.4863871157897284,0.5175279851007042
Lenningen,2455.356281400737,119.67561239523172,1.0533530083961549,1.4627246251685648,0.40937161677240996
Schuttrange,4219.584769810626,261.108867711842,1.002975831880824,1.395571689589895,0.3925958577090711
Saeul,938.8208329546347,62.78084101844627,1.3059759897250722,1.3086992045223824,0.0027232147973101917
Wiltz,7657.324842380387,193.84338297525917,1.1448315391038801,1.2396831907563204,0.09485165165244025
Berdorf,2014.0437888686392,91.81281307025512,1.0555823281044634,1.182372130426614,0.12678980232215054
Erpeldange-sur-Sûre,2619.618902875254,146.10767866841243,1.1576929392527264,1.1591039956151357,0.0014110563624092354
Mersch,10348.044906334842,209.02311540010376,1.0835087829740426,1.1465932518918112,0.06308446891776853
Larochette,2102.9391830300037,136.40986123797833,0.5827833376288497,1.0716555063666107,0.48887216873776096
Mamer,10128.311930754766,364.0632248614342,0.7325255297856522,1.0641815151634242,0.33165598537777197
Sanem,19026.08549705006,776.9838582772825,1.0397590292166248,1.0594933075096535,0.019734278293028762
Hesperange,16202.184670602714,591.3043371558332,0.952245613257859,0.9953849454822605,0.04313933222440158
Bettembourg,11111.431592959283,514.4876433657159,0.8045377702110078,0.8603303789525044,0.05579260874149661
Ettelbruck,9285.165354919634,611.3982337416287,0.7395881236357088,0.8503050006500082,0.11071687701429944
Mertert,4742.371678931896,314.88487681469263,0.46745579117163233,0.8362674036753178,0.3688116125036855
Mondorf-les-Bains,5357.000522111337,393.89510906888364,0.7575565150211415,0.7903761671459042,0.03281965212476268
Kopstal,3618.3843952533894,451.0991934390066,0.6792406541123067,0.7693585791275627,0.09011792501525595
Lintgen,3376.169940638136,219.01703286695383,0.7551363034304248,0.7622237344329402,0.00708743100251541
Leudelange,2710.9200273135916,198.32748213689626,0.7265218758815737,0.7280211376033051,0.0014992617217314264
Echternach,5720.2772982283,280.1245025186214,0.6884837345792906,0.7168203129530987,0.028336578373808097
Dudelange,21553.491328050586,1006.4336626606389,0.6408106846118113,0.6914262806511974,0.050615596039386035
Differdange,26737.640921358954,1202.931561544931,0.5562260462746536,0.6806420157629337,0.12441596948828015
Walferdange,7710.19090213626,1092.869148365686,0.44818870638713443,0.6532066118723366,0.2050179054852022
Vianden,2109.576456507447,218.29838449324168,0.6443158876633767,0.6475861859579594,0.0032702982945826964
Bertrange,9019.455849675476,522.4438686876083,0.6333279551034285,0.6399258120728604,0.006597856969431826
Strassen,10203.641139498359,962.6266013174137,0.5363804370849324,0.6196394249282496,0.0832589878433172
Sandweiler,3721.166464629658,479.9896219699341,0.5889507512072688,0.6195850739260597,0.030634322718790852
Remich,4041.2480826461274,791.898437038267,0.34026276194388405,0.6133488543873272,0.2730860924434432
Schifflange,10933.338158111454,1409.2560730506752,0.5999508049421219,0.6077493874591232,0.0077985825170012735
Bissen,3303.368923217568,158.52436040066078,0.5855551669008059,0.5855551669008059,0.0
Luxembourg,126946.986499823,2453.3818321496424,0.4484981784496642,0.548517030858793,0.10001885240912878
Esch-sur-Alzette,35317.44749347084,2452.374954705952,0.48919902792580594,0.5119556956441919,0.022756667718385915
Rumelange,5055.92879228814,738.6947024014229,0.4804617705816771,0.4917906489698853,0.011328878388208174
Grevenmacher,5041.3018355631575,308.44907784694294,0.47892864914471794,0.4789534999844325,2.485083971454083e-05
